mobile entity,next node
mobile_entity0,graph_vertex102
mobile_entity1,graph_vertex112
mobile_entity2,graph_vertex127
mobile_entity3,graph_vertex115
mobile_entity4,graph_vertex54
mobile_entity5,graph_vertex144
mobile_entity6,graph_vertex20
mobile_entity7,graph_vertex118
mobile_entity8,graph_vertex24
mobile_entity9,graph_vertex67
mobile_entity10,graph_vertex140
mobile_entity11,graph_vertex1
mobile_entity12,graph_vertex139
mobile_entity13,graph_vertex136
mobile_entity14,graph_vertex1
mobile_entity15,graph_vertex149
mobile_entity16,graph_vertex118
mobile_entity17,graph_vertex25
mobile_entity18,graph_vertex88
mobile_entity19,graph_vertex128
mobile_entity20,graph_vertex34
mobile_entity21,graph_vertex29
mobile_entity22,graph_vertex81
mobile_entity23,graph_vertex121
mobile_entity24,graph_vertex107
mobile_entity25,graph_vertex45
mobile_entity26,graph_vertex41
mobile_entity27,graph_vertex17
mobile_entity28,graph_vertex153
mobile_entity29,graph_vertex128
mobile_entity30,graph_vertex83
mobile_entity31,graph_vertex98
mobile_entity32,graph_vertex55
mobile_entity33,graph_vertex20
mobile_entity34,graph_vertex82
mobile_entity35,graph_vertex0
mobile_entity36,graph_vertex146
mobile_entity37,graph_vertex34
mobile_entity38,graph_vertex98
mobile_entity39,graph_vertex41
mobile_entity40,graph_vertex74
mobile_entity41,graph_vertex10
mobile_entity42,graph_vertex1
mobile_entity43,graph_vertex64
mobile_entity44,graph_vertex147
mobile_entity45,graph_vertex139
mobile_entity46,graph_vertex67
mobile_entity47,graph_vertex38
mobile_entity48,graph_vertex30
mobile_entity49,graph_vertex14
mobile_entity50,graph_vertex19
mobile_entity51,graph_vertex7
mobile_entity52,graph_vertex110
mobile_entity53,graph_vertex59
mobile_entity54,graph_vertex1
mobile_entity55,graph_vertex28
mobile_entity56,graph_vertex0
mobile_entity57,graph_vertex86
mobile_entity58,graph_vertex102
mobile_entity59,graph_vertex59
mobile_entity60,graph_vertex110
mobile_entity61,graph_vertex135
mobile_entity62,graph_vertex94
mobile_entity63,graph_vertex89
mobile_entity64,graph_vertex134
mobile_entity65,graph_vertex59
mobile_entity66,graph_vertex17
mobile_entity67,graph_vertex58
mobile_entity68,graph_vertex88
mobile_entity69,graph_vertex50
mobile_entity70,graph_vertex159
mobile_entity71,graph_vertex43
mobile_entity72,graph_vertex50
mobile_entity73,graph_vertex116
mobile_entity74,graph_vertex107
mobile_entity75,graph_vertex36
mobile_entity76,graph_vertex110
mobile_entity77,graph_vertex127
mobile_entity78,graph_vertex102
mobile_entity79,graph_vertex112
mobile_entity80,graph_vertex146
mobile_entity81,graph_vertex24
mobile_entity82,graph_vertex82
mobile_entity83,graph_vertex73
mobile_entity84,graph_vertex1
mobile_entity85,graph_vertex15
mobile_entity86,graph_vertex83
mobile_entity87,graph_vertex94
mobile_entity88,graph_vertex124
mobile_entity89,graph_vertex83
mobile_entity90,graph_vertex25
mobile_entity91,graph_vertex100
mobile_entity92,graph_vertex36
mobile_entity93,graph_vertex19
mobile_entity94,graph_vertex70
mobile_entity95,graph_vertex94
mobile_entity96,graph_vertex14
mobile_entity97,graph_vertex57
mobile_entity98,graph_vertex107
mobile_entity99,graph_vertex62
mobile_entity100,graph_vertex30
mobile_entity101,graph_vertex57
mobile_entity102,graph_vertex102
mobile_entity103,graph_vertex20
mobile_entity104,graph_vertex93
mobile_entity105,graph_vertex90
mobile_entity106,graph_vertex149
mobile_entity107,graph_vertex106
mobile_entity108,graph_vertex159
mobile_entity109,graph_vertex88
mobile_entity110,graph_vertex46
mobile_entity111,graph_vertex134
mobile_entity112,graph_vertex71
mobile_entity113,graph_vertex146
mobile_entity114,graph_vertex24
mobile_entity115,graph_vertex94
mobile_entity116,graph_vertex3
mobile_entity117,graph_vertex115
mobile_entity118,graph_vertex37
mobile_entity119,graph_vertex26
mobile_entity120,graph_vertex45
mobile_entity121,graph_vertex81
mobile_entity122,graph_vertex49
mobile_entity123,graph_vertex70
mobile_entity124,graph_vertex71
mobile_entity125,graph_vertex70
mobile_entity126,graph_vertex68
mobile_entity127,graph_vertex19
mobile_entity128,graph_vertex2
mobile_entity129,graph_vertex126
mobile_entity130,graph_vertex121
mobile_entity131,graph_vertex20
mobile_entity132,graph_vertex50
mobile_entity133,graph_vertex0
mobile_entity134,graph_vertex149
mobile_entity135,graph_vertex50
mobile_entity136,graph_vertex112
mobile_entity137,graph_vertex37
mobile_entity138,graph_vertex28
mobile_entity139,graph_vertex126
mobile_entity140,graph_vertex110
mobile_entity141,graph_vertex45
mobile_entity142,graph_vertex135
mobile_entity143,graph_vertex147
mobile_entity144,graph_vertex57
mobile_entity145,graph_vertex10
mobile_entity146,graph_vertex19
mobile_entity147,graph_vertex85
mobile_entity148,graph_vertex34
mobile_entity149,graph_vertex97
mobile_entity150,graph_vertex1
mobile_entity151,graph_vertex106
mobile_entity152,graph_vertex82
mobile_entity153,graph_vertex45
mobile_entity154,graph_vertex112
mobile_entity155,graph_vertex121
mobile_entity156,graph_vertex47
mobile_entity157,graph_vertex85
mobile_entity158,graph_vertex50
mobile_entity159,graph_vertex145
mobile_entity160,graph_vertex63
mobile_entity161,graph_vertex67
mobile_entity162,graph_vertex42
mobile_entity163,graph_vertex17
mobile_entity164,graph_vertex52
mobile_entity165,graph_vertex111
mobile_entity166,graph_vertex58
mobile_entity167,graph_vertex7
mobile_entity168,graph_vertex28
mobile_entity169,graph_vertex19
mobile_entity170,graph_vertex11
mobile_entity171,graph_vertex68
mobile_entity172,graph_vertex24
mobile_entity173,graph_vertex131
mobile_entity174,graph_vertex60
mobile_entity175,graph_vertex155
mobile_entity176,graph_vertex91
mobile_entity177,graph_vertex50
mobile_entity178,graph_vertex85
mobile_entity179,graph_vertex120
mobile_entity180,graph_vertex103
mobile_entity181,graph_vertex111
mobile_entity182,graph_vertex22
mobile_entity183,graph_vertex49
mobile_entity184,graph_vertex152
mobile_entity185,graph_vertex134
mobile_entity186,graph_vertex136
mobile_entity187,graph_vertex31
mobile_entity188,graph_vertex43
mobile_entity189,graph_vertex104
mobile_entity190,graph_vertex77
mobile_entity191,graph_vertex106
mobile_entity192,graph_vertex17
mobile_entity193,graph_vertex41
mobile_entity194,graph_vertex153
mobile_entity195,graph_vertex74
mobile_entity196,graph_vertex30
mobile_entity197,graph_vertex60
mobile_entity198,graph_vertex107
mobile_entity199,graph_vertex149
